id;name;bio;image;country;verified;created_at
1;um;../fake-data/blob/hipster.txt;tall gadzooks purple;Co;false;2026-04-10T12:49:16
2;above ah among;../fake-data/blob/hipster.txt;enthusiastically very;Pa;false;2026-04-10T11:40:22
3;brush engender amid;../fake-data/blob/hipster.txt;willow drowse;Ga;true;2026-04-10T17:04:37
4;um now;../fake-data/blob/hipster.txt;yuck boohoo;Gu;false;2026-04-10T13:33:31
5;besides which;../fake-data/blob/hipster.txt;yearningly toward so;Gu;true;2026-04-09T23:11:35
6;deployment decision hurtful;../fake-data/blob/hipster.txt;even quickly petal;Gu;true;2026-04-10T07:42:16
7;meh;../fake-data/blob/hipster.txt;why;Do;true;2026-04-10T15:32:19
8;fooey;../fake-data/blob/hipster.txt;rue overspend;Su;false;2026-04-10T03:33:42
9;violently;../fake-data/blob/hipster.txt;loudly whose;Pe;true;2026-04-10T15:15:52
10;definitive;../fake-data/blob/hipster.txt;ectoderm yet whoever;Eg;false;2026-04-10T05:11:03
11;because how enhance;../fake-data/blob/hipster.txt;overconfidently between;Et;true;2026-04-09T22:05:16
12;apud linseed immaculate;../fake-data/blob/hipster.txt;about phony;Ta;true;2026-04-10T08:33:52
13;midst like french;../fake-data/blob/hipster.txt;rejigger minus;Tu;true;2026-04-10T17:47:46
14;that;../fake-data/blob/hipster.txt;finally adventurously pfft;Er;false;2026-04-09T19:18:17
15;gadzooks how;../fake-data/blob/hipster.txt;shovel;Ka;false;2026-04-10T00:35:11
16;vestment unto;../fake-data/blob/hipster.txt;pish bathhouse;Mo;false;2026-04-10T18:10:59
17;pendant jungle failing;../fake-data/blob/hipster.txt;supposing duster;Ni;true;2026-04-10T14:46:59
18;what;../fake-data/blob/hipster.txt;lest;Sr;true;2026-04-10T04:59:48
19;fly eminent;../fake-data/blob/hipster.txt;gee;Af;false;2026-04-09T22:47:10
20;solemnly although;../fake-data/blob/hipster.txt;like lamp deficient;Mo;true;2026-04-10T09:41:38
21;oddly um;../fake-data/blob/hipster.txt;programme markup;Bé;false;2026-04-10T15:32:42
22;knickers fork;../fake-data/blob/hipster.txt;median absentmindedly;Ta;false;2026-04-10T12:24:27
23;inexperienced;../fake-data/blob/hipster.txt;until;Su;true;2026-04-09T21:45:57
24;unnecessarily ah;../fake-data/blob/hipster.txt;alongside hm;Su;true;2026-04-10T18:15:20
25;wordy for;../fake-data/blob/hipster.txt;harangue;Ar;false;2026-04-10T03:16:41
26;spellcheck whose;../fake-data/blob/hipster.txt;unzip perp fuel;Gu;false;2026-04-09T18:46:56
27;feminize oof;../fake-data/blob/hipster.txt;bathhouse airbrush though;Ta;false;2026-04-10T13:42:49
28;eyeliner;../fake-data/blob/hipster.txt;to sequester;Le;false;2026-04-09T20:42:48
29;evenly woot whether;../fake-data/blob/hipster.txt;label chasuble;Ma;true;2026-04-10T07:04:39
30;folklore;../fake-data/blob/hipster.txt;knight helplessly whose;Ma;false;2026-04-10T07:04:00
