id;name
1;badly ouch
2;trek whup meager
3;potable
4;partridge hyphenation
5;utilized
6;apparatus svelte furthermore
7;who considering vet
8;rise yahoo creamy
9;regularly scout
10;mid how
11;other
12;contravene leading
13;aw incidentally unlike
14;yet deceivingly generously
15;moist
16;gulp turbulent
17;woot
18;wetly how
19;mixture
20;proceed reservation pfft
21;sit
22;fondly
23;favorite yahoo
24;unwritten knuckle gee
25;miserably prime awareness
26;afterwards
27;spirited palatable because
28;thoroughly ack helpfully
29;zowie atop indeed
30;whack characterization pish
